<Customization level="" description="" product-version="23.207">
    <File AppRelativePath="Bin\PX.Objects.SecondChances.dll" />
    <File AppRelativePath="Pages\SC\SC301020.aspx" />
    <File AppRelativePath="Pages\SC\SC301020.aspx.cs" />
    <SiteMapNode>
        <data-set>
            <relations format-version="3" relations-version="20190730" main-table="SiteMap">
                <link from="MUIScreen (NodeID)" to="SiteMap (NodeID)" />
                <link from="MUIWorkspace (WorkspaceID)" to="MUIScreen (WorkspaceID)" type="FromMaster" linkname="workspaceToScreen" split-location="yes" updateable="True" />
                <link from="MUISubcategory (SubcategoryID)" to="MUIScreen (SubcategoryID)" type="FromMaster" updateable="True" />
                <link from="MUITile (ScreenID)" to="SiteMap (ScreenID)" />
                <link from="MUIWorkspace (WorkspaceID)" to="MUITile (WorkspaceID)" type="FromMaster" linkname="workspaceToTile" split-location="yes" updateable="True" />
                <link from="MUIArea (AreaID)" to="MUIWorkspace (AreaID)" type="FromMaster" updateable="True" />
                <link from="MUIPinnedScreen (NodeID, WorkspaceID)" to="MUIScreen (NodeID, WorkspaceID)" type="WeakIfEmpty" isEmpty="Username" />
                <link from="MUIFavoriteWorkspace (WorkspaceID)" to="MUIWorkspace (WorkspaceID)" type="WeakIfEmpty" isEmpty="Username" />
            </relations>
            <layout>
                <table name="SiteMap">
                    <table name="MUIScreen" uplink="(NodeID) = (NodeID)">
                        <table name="MUIPinnedScreen" uplink="(NodeID, WorkspaceID) = (NodeID, WorkspaceID)" />
                    </table>
                    <table name="MUITile" uplink="(ScreenID) = (ScreenID)" />
                </table>
                <table name="MUIWorkspace">
                    <table name="MUIFavoriteWorkspace" uplink="(WorkspaceID) = (WorkspaceID)" />
                </table>
                <table name="MUISubcategory" />
                <table name="MUIArea" />
            </layout>
            <data>
                <SiteMap>
                    <row Title="Second Chances" Url="~/Pages/SC/SC301020.aspx" ScreenID="SC301020" NodeID="59c8aa39-59c3-4a34-9e36-f9783a5c21e3" ParentID="00000000-0000-0000-0000-000000000000" SelectedUI="E">
                        <MUIScreen IsPortal="0" WorkspaceID="6557c1c6-747e-45bb-9072-54f096598d61" Order="270" SubcategoryID="6d40b0b6-18f4-4139-adac-8ec8cb2a17ea" />
                    </row>
                </SiteMap>
                <MUIWorkspace>
                    <row IsPortal="0" WorkspaceID="6557c1c6-747e-45bb-9072-54f096598d61" Order="284" Title="Inventory" Icon="local_shipping" AreaID="62cfd5dc-8eb9-4e92-bbcd-e0a99eb5e5df" ScreenID="WSIN0000" IsSystem="0">
                        <MUIFavoriteWorkspace IsPortal="0" Username="" IsFavorite="1" />
                    </row>
                </MUIWorkspace>
                <MUISubcategory>
                    <row IsPortal="0" SubcategoryID="6d40b0b6-18f4-4139-adac-8ec8cb2a17ea" Order="128" Name="Profiles" Icon="" IsSystem="0" />
                </MUISubcategory>
                <MUIArea>
                    <row IsPortal="0" AreaID="62cfd5dc-8eb9-4e92-bbcd-e0a99eb5e5df" Order="20" Name="Operations" />
                </MUIArea>
            </data>
        </data-set>
    </SiteMapNode>
    <Sql TableName="SecondChances" TableSchemaXml="#CDATA">
        <CDATA name="TableSchemaXml"><![CDATA[<table name="SecondChances">
  <col name="CompanyID" type="Int" default="Zero" />
  <col name="ObjectID" type="Int" identity="true" />
  <col name="InventoryID" type="Int" nullable="true" />
  <col name="CustomerID" type="Int" nullable="true" />
  <col name="CustomerLocationID" type="Int" nullable="true" />
  <col name="EmployeeID" type="Int" nullable="true" />
  <col name="OwnerID" type="Int" nullable="true" />
  <col name="WorkGroupID" type="Int" nullable="true" />
  <col name="Status" type="Char(1)" nullable="true" />
  <col name="Descr" type="NVarChar(256)" nullable="true" />
  <col name="ImageUrl" type="VarChar(255)" nullable="true" />
  <col name="Body" type="NVarChar(MAX)" nullable="true" />
  <col name="ItemClassID" type="Int" nullable="true" />
  <col name="SiteID" type="Int" nullable="true" />
  <col name="LocationID" type="Int" nullable="true" />
  <col name="ContactID" type="Int" nullable="true" />
  <col name="NoteID" type="UniqueIdentifier" />
  <col name="CreatedByID" type="UniqueIdentifier" />
  <col name="CreatedByScreenID" type="Char(8)" />
  <col name="CreatedDateTime" type="DateTime" />
  <col name="LastModifiedByID" type="UniqueIdentifier" />
  <col name="LastModifiedByScreenID" type="Char(8)" />
  <col name="LastModifiedDateTime" type="DateTime" />
  <col name="tstamp" type="Timestamp" />
  <index name="SecondChances_PK" clustered="true" primary="true" unique="true">
    <col name="CompanyID" />
    <col name="ObjectID" />
  </index>
</table>]]></CDATA>
    </Sql>
</Customization>