<Customization level="" description="" product-version="23.207">
    <File AppRelativePath="Bin\PX.Objects.SecondChances.dll" />
    <File AppRelativePath="Pages\SC\SC301020.aspx" />
    <File AppRelativePath="Pages\SC\SC301020.aspx.cs" />
    <Sql TableName="SecondChances" TableSchemaXml="#CDATA">
        <CDATA name="TableSchemaXml"><![CDATA[<table name="SecondChances">
  <col name="CompanyID" type="Int" default="Zero" />
  <col name="ObjectID" type="Int" identity="true" />
  <col name="InventoryID" type="Int" />
  <col name="CustomerID" type="Int" nullable="true" />
  <col name="CustomerLocationID" type="Int" nullable="true" />
  <col name="CreatedByID" type="UniqueIdentifier" />
  <col name="CreatedByScreenID" type="Char(8)" />
  <col name="CreatedDateTime" type="DateTime" />
  <col name="LastModifiedByID" type="UniqueIdentifier" />
  <col name="LastModifiedByScreenID" type="Char(8)" />
  <col name="LastModifiedDateTime" type="DateTime" />
  <col name="tstamp" type="Timestamp" />
  <col name="EmployeeID" type="Int" />
  <col name="NoteID" type="UniqueIdentifier" />
  <col name="OwnerID" type="Int" nullable="true" />
  <col name="WorkGroupID" type="Int" nullable="true" />
  <col name="Status" type="Char(1)" />
  <index name="SecondChances_PK" clustered="true" primary="true" unique="true">
    <col name="CompanyID" />
    <col name="ObjectID" />
  </index>
</table>]]></CDATA>
    </Sql>
</Customization>